Designator,Footprint,Quantity,Value,LCSC Part #
H1,MountingHole_3.2mm_M3,1,MountingHole,
J10,PinHeader_1x08_P2.54mm_Vertical,1,Conn_01x08_Female,
J2,Jack_3.5mm_QingPu_WQP-PJ398SM_Vertical,1,CV1,
J3,Jack_3.5mm_QingPu_WQP-PJ398SM_Vertical,1,CV2,
J4,Jack_3.5mm_QingPu_WQP-PJ398SM_Vertical,1,V/OCT,
J5,Jack_3.5mm_QingPu_WQP-PJ398SM_Vertical,1,IN1,
J6,Jack_3.5mm_QingPu_WQP-PJ398SM_Vertical,1,IN2,
J7,PinHeader_1x05_P2.54mm_Vertical,1,Conn_01x05_Female,
J9,Jack_3.5mm_QingPu_WQP-PJ398SM_Vertical,1,OUT,
MODE SWITCH,SR1712F020420F0AN9N027,1,SR1712F-0204-20F0A-N9-N-027,
"R22, R23, R26",R_Axial_DIN0207_L6.3mm_D2.5mm_P5.08mm_Vertical,3,220K,
"R24, R28",R_Axial_DIN0207_L6.3mm_D2.5mm_P5.08mm_Vertical,2,47K,
R25,R_Axial_DIN0207_L6.3mm_D2.5mm_P5.08mm_Vertical,1,150K,
"R27, R29",R_Axial_DIN0207_L6.3mm_D2.5mm_P5.08mm_Vertical,2,1K,
"R30, R31",R_Axial_DIN0207_L6.3mm_D2.5mm_P5.08mm_Vertical,2,180K,
"RV3, RV4",Potentiometer_Alpha_RD901F-40-00D_Single_Vertical,2,IN 47K Log,
RV5,Potentiometer_Alpha_RD901F-40-00D_Single_Vertical,1,CV1 47K LIN,
RV6,Potentiometer_Alpha_RD901F-40-00D_Single_Vertical,1,CV2 47K LIN,
RV7,Potentiometer_Alpha_RD901F-40-00D_Single_Vertical,1,CUT-OFF 47K LIN,
RV8,Potentiometer_Alpha_RD901F-40-00D_Single_Vertical,1,RES 50K REV-AUDIO,
