Designator,Footprint,Quantity,Value,LCSC Part #
"C1, C13, C14, C15, C2",CP_Radial_D5.0mm_P2.00mm,5,10uF,
"C10, C5, C7",C_Rect_L7.0mm_W3.5mm_P5.00mm,3,1.5nF,
"C16, C6, C9",CP_Radial_D5.0mm_P2.00mm,3,47uF,
"C3, C4",CP_Radial_D5.0mm_P2.00mm,2,2.2uF,
C8,C_Rect_L7.0mm_W3.5mm_P5.00mm,1,680nF,
"D1, D10, D2, D3, D4, D5, D6, D7, D8, D9",D_DO-35_SOD27_P7.62mm_Horizontal,10,1N4148,
H2,MountingHole_3.2mm_M3,1,MountingHole,
J1,Eurorack_power_header,1,EURO_PWR_2x5,
J11,PinHeader_1x05_P2.54mm_Vertical,1,Conn_01x05_Male,
J8,PinHeader_1x08_P2.54mm_Vertical,1,Conn_01x08_Female,
"Q1, Q2",TO-92_HandSolder,2,BC547,
R1,R_Axial_DIN0207_L6.3mm_D2.5mm_P5.08mm_Vertical,1,220,
"R10, R5",R_Axial_DIN0207_L6.3mm_D2.5mm_P5.08mm_Vertical,2,1.8K,
"R11, R8",R_Axial_DIN0207_L6.3mm_D2.5mm_P5.08mm_Vertical,2,1K,
R12,R_Axial_DIN0207_L6.3mm_D2.5mm_P5.08mm_Vertical,1,2.2M,
R13,R_Axial_DIN0207_L6.3mm_D2.5mm_P5.08mm_Vertical,1,22K,
R14,R_Axial_DIN0207_L6.3mm_D2.5mm_P5.08mm_Vertical,1,1M,
"R15, R21",R_Axial_DIN0207_L6.3mm_D2.5mm_P5.08mm_Vertical,2,220K,
R16,R_Axial_DIN0207_L6.3mm_D2.5mm_P5.08mm_Vertical,1,47K,
"R17, R18",R_Axial_DIN0207_L6.3mm_D2.5mm_P5.08mm_Vertical,2,10,
"R19, R6",R_Axial_DIN0207_L6.3mm_D2.5mm_P5.08mm_Vertical,2,3.9K,
"R2, R20, R3, R4",R_Axial_DIN0207_L6.3mm_D2.5mm_P5.08mm_Vertical,4,10K,
R7,R_Axial_DIN0207_L6.3mm_D2.5mm_P5.08mm_Vertical,1,82,
R9,R_Axial_DIN0207_L6.3mm_D2.5mm_P5.08mm_Vertical,1,390,
RV1,Potentiometer_Bourns_3266Y_Vertical,1,2K,
RV2,Potentiometer_Bourns_3266Y_Vertical,1,1K,
U1,DIP-14_W7.62mm_LongPads,1,TL074,
